review_id,scenario_ids,subject,risk_tier,required_role,review_status,authority_status,reason,release_effect
"REV-58-001","SCN-01","רצף החייאה בסיסית ו AED","G2","bls_reviewer","pending","unknown","תוכן בסיכון גבוה ומחוון ידע שאסור להציג כהוכחת כשירות מעשית","חוסם הצגת מחוון כמאושר"
"REV-58-002","SCN-01;SCN-02","ספי גיל והפרדה בין מבוגר ילד ותינוק","G2","bls_reviewer","scope_blocked","unknown","CLIN-001 פתוח והקריטריון הארגוני המחייב לא זוהה","חוסם כל כלל גיל מאושר"
"REV-58-003","SCN-02","הבחנה בין חסימה חלקית למלאה ומעבר להחייאה","G2","bls_reviewer","pending","unknown","נדרש אימות מול curriculum ורובריקה מודרכת","חוסם ציון מעבר"
"REV-58-004","SCN-03;SCN-04;SCN-08","שפת חשד מול אבחנה סופית","G2","bls_reviewer","pending","unknown","יש למנוע ניסוח אבחנתי החורג ממטרת הלמידה","חוסם אישור ניסוח"
"REV-58-005","SCN-03;SCN-04;SCN-08;SCN-10;SCN-16","קריטריוני הסלמה ופינוי","G3","organizational_approver","scope_blocked","unknown","תלוי פרוטוקול וסמכות ארגוניים","חוסם טענת התאמה ארגונית"
"REV-58-006","SCN-05","בחירת ענף בקרת דימום","G2","bls_reviewer","pending","unknown","בחירת פרוצדורה דורשת מקור ורובריקה","חוסם מחוון ביצוע"
"REV-58-007","SCN-05;SCN-07;SCN-14;SCN-17","רובריקת מיומנויות טראומה מעשיות","G2","bls_reviewer","pending","unknown","ניווט דיגיטלי אינו תצפית בביצוע","חוסם סטטוס practical skill"
"REV-58-008","SCN-06","זיהוי ותעדוף חבלת חזה","G2","bls_reviewer","pending","unknown","תוכן בסיכון גבוה עם שפה אבחנתית ופרוצדורלית","חוסם מחוון מאושר"
"REV-58-009","SCN-07","מדדי חומרה בטראומת בטן ואגן","G2","bls_reviewer","pending","unknown","נדרש מקור מאושר והגדרת גבול BLS","חוסם ציון מעבר"
"REV-58-010","SCN-08","פריטי מידע תלויי זמן בשבץ ופרכוס","G2","bls_reviewer","pending","unknown","נדרש אימות מה נחשב חובה למסירת מידע","חוסם מחוון חובה"
"REV-58-011","SCN-09","נוהל חשיפה ביולוגית ותיעוד","G3","organizational_approver","scope_blocked","unknown","הנוהל תלוי ארגון ואסור לאסוף נתוני מטופל","חוסם התאמה ארגונית"
"REV-58-012","SCN-10","גבול BLS בתאונת צלילה","G3","clinical_approver","scope_blocked","unknown","תחום ייעודי וקריטריוני טיפול או פינוי דורשים סמכות מתאימה","חוסם אישור תוכן ייעודי"
"REV-58-013","SCN-11","רובריקת לידה וטיפול בילוד","G2","bls_reviewer","pending","unknown","מיומנות מעשית בסיכון גבוה דורשת תצפית והדרכה","חוסם כשירות מעשית"
"REV-58-014","SCN-12","מסלול ארן שרשרת פיקוד ותיאום","G3","organizational_approver","scope_blocked","unknown","מודול 46 הוא נוהל תפעולי ואין מאשר ארגוני מזוהה","חוסם טענת התאמה לנוהל"
"REV-58-015","SCN-13","בטיחות ונוהל חומס","G3","organizational_approver","scope_blocked","unknown","אין להסיק הרשאת פעולה מתוכן לימודי","חוסם טענת פעולה מאושרת"
"REV-58-016","SCN-14","מדיניות עמוד שדרה וקיבוע","G2","bls_reviewer","pending","unknown","נדרש אימות מול curriculum ורובריקת ביצוע","חוסם מחוון מעשי"
"REV-58-017","SCN-15","רצפי טביעה והתחשמלות","G2","bls_reviewer","pending","unknown","תוכן בסיכון גבוה ובטיחות זירה","חוסם אישור רצף"
"REV-58-018","SCN-16","טיפול ספציפי בנשיכות הכשות ופגיעה ימית","G2","bls_reviewer","pending","unknown","נדרש מקור עדכני והגדרת גבול BLS","חוסם המלצה ספציפית"
"REV-58-019","SCN-17","מדדי חומרת כוויה ושאיפת עשן","G2","bls_reviewer","pending","unknown","נדרש אימות מדדים ומעבר בין A B E","חוסם ציון וחיווי חומרה"
"REV-58-020","SCN-01;SCN-02;SCN-03;SCN-04;SCN-05;SCN-06;SCN-07;SCN-08;SCN-09;SCN-10;SCN-11;SCN-12;SCN-13;SCN-14;SCN-15;SCN-16;SCN-17","כל pearls pitfalls reviewQuestions ו mentorNotes הקיימים","G2","bls_reviewer","pending","unknown","לא נמצאה ראיית סקירת מדריך לתוכן nodeLearningGuidance","חוסם הצגת guidance כנבדק"
